{
  "resources": [
    "wheely5.ogg",
    "wheely5.m4a",
    "wheely5.mp3"
  ],
  "spritemap": {
    "btnClick": {
      "start": 0,
      "end": 0.3076643990929705,
      "loop": false
    },
    "btnOver": {
      "start": 2,
      "end": 2.5050340136054423,
      "loop": false
    },
    "click": {
      "start": 4,
      "end": 4.210430839002267,
      "loop": false
    },
    "levelFail": {
      "start": 6,
      "end": 7.626848072562359,
      "loop": false
    },
    "levelWin": {
      "start": 9,
      "end": 13.053333333333335,
      "loop": false
    },
    "lvl14_electricityDeadly": {
      "start": 15,
      "end": 16.69795918367347,
      "loop": false
    },
    "lvl2_s_openDoor": {
      "start": 18,
      "end": 19.69795918367347,
      "loop": false
    },
    "lvl8_s_gate": {
      "start": 21,
      "end": 23.821224489795917,
      "loop": false
    },
    "questClick": {
      "start": 25,
      "end": 27.037551020408163,
      "loop": false
    },
    "s_Access": {
      "start": 29,
      "end": 29.339591836734694,
      "loop": false
    },
    "s_airFail": {
      "start": 31,
      "end": 36.25061224489796,
      "loop": false
    },
    "s_airLoop": {
      "start": 38,
      "end": 39.12326530612245,
      "loop": false
    },
    "s_air": {
      "start": 41,
      "end": 44.13469387755102,
      "loop": false
    },
    "s_airStart": {
      "start": 46,
      "end": 46.73142857142857,
      "loop": false
    },
    "s_alarm": {
      "start": 48,
      "end": 55.68,
      "loop": false
    },
    "s_anten": {
      "start": 57,
      "end": 58.462857142857146,
      "loop": false
    },
    "s_antenSignal": {
      "start": 60,
      "end": 61.56734693877551,
      "loop": false
    },
    "s_attachment": {
      "start": 63,
      "end": 63.33959183673469,
      "loop": false
    },
    "s_ballonHit": {
      "start": 65,
      "end": 66.54122448979592,
      "loop": false
    },
    "s_barrelExplosion": {
      "start": 68,
      "end": 68.9404081632653,
      "loop": false
    },
    "s_barrelFire": {
      "start": 70,
      "end": 72.40326530612245,
      "loop": false
    },
    "s_blow": {
      "start": 74,
      "end": 75.46285714285715,
      "loop": false
    },
    "s_boatLoop": {
      "start": 77,
      "end": 79.61224489795919,
      "loop": false
    },
    "s_boatStart": {
      "start": 81,
      "end": 81.70530612244897,
      "loop": false
    },
    "s_boatWater": {
      "start": 83,
      "end": 84.14938775510204,
      "loop": false
    },
    "s_bombThrow": {
      "start": 86,
      "end": 88.87346938775511,
      "loop": false
    },
    "s_boxMove": {
      "start": 90,
      "end": 90.75755102040816,
      "loop": false
    },
    "s_boxOpen": {
      "start": 92,
      "end": 92.49632653061225,
      "loop": false
    },
    "s_break": {
      "start": 94,
      "end": 96.11591836734694,
      "loop": false
    },
    "s_bridgeParts": {
      "start": 98,
      "end": 101.00408163265305,
      "loop": false
    },
    "s_burPick": {
      "start": 103,
      "end": 103.52244897959184,
      "loop": false
    },
    "s_buy": {
      "start": 105,
      "end": 105.86204081632653,
      "loop": false
    },
    "s_canalizationAmbient": {
      "start": 107,
      "end": 114.3926530612245,
      "loop": false
    },
    "s_cartridge": {
      "start": 116,
      "end": 116.23510204081633,
      "loop": false
    },
    "s_caw": {
      "start": 118,
      "end": 118.70530612244897,
      "loop": false
    },
    "s_citynoise": {
      "start": 120,
      "end": 127.23591836734694,
      "loop": false
    },
    "s_clickMonitor": {
      "start": 129,
      "end": 129.54857142857142,
      "loop": false
    },
    "s_collapse": {
      "start": 131,
      "end": 132.46285714285713,
      "loop": false
    },
    "s_connect": {
      "start": 134,
      "end": 134.3657142857143,
      "loop": false
    },
    "s_cosmoDiag": {
      "start": 136,
      "end": 137.17551020408163,
      "loop": false
    },
    "s_cow": {
      "start": 139,
      "end": 140.17551020408163,
      "loop": false
    },
    "s_crush": {
      "start": 142,
      "end": 142.41795918367347,
      "loop": false
    },
    "s_dialog": {
      "start": 144,
      "end": 145.69795918367348,
      "loop": false
    },
    "s_done": {
      "start": 147,
      "end": 148.01877551020408,
      "loop": false
    },
    "s_doorOut": {
      "start": 150,
      "end": 151.61959183673468,
      "loop": false
    },
    "s_doorSpace": {
      "start": 153,
      "end": 154.07102040816326,
      "loop": false
    },
    "s_drillEnd": {
      "start": 156,
      "end": 157.07102040816326,
      "loop": false
    },
    "s_drillLoop": {
      "start": 159,
      "end": 162.1608163265306,
      "loop": false
    },
    "s_drillStart": {
      "start": 164,
      "end": 164.41795918367347,
      "loop": false
    },
    "s_drillWrong": {
      "start": 166,
      "end": 169.8138775510204,
      "loop": false
    },
    "s_electricity": {
      "start": 171,
      "end": 174.08244897959185,
      "loop": false
    },
    "s_elevator2": {
      "start": 176,
      "end": 177.9069387755102,
      "loop": false
    },
    "s_elevatorButton": {
      "start": 179,
      "end": 179.39183673469387,
      "loop": false
    },
    "s_elevator": {
      "start": 181,
      "end": 182.98530612244897,
      "loop": false
    },
    "s_engineStart": {
      "start": 184,
      "end": 186.66448979591837,
      "loop": false
    },
    "s_fall": {
      "start": 188,
      "end": 188.83591836734695,
      "loop": false
    },
    "s_farmAmbient": {
      "start": 190,
      "end": 215.20816326530613,
      "loop": false
    },
    "s_fold": {
      "start": 217,
      "end": 217.3657142857143,
      "loop": false
    },
    "s_fuelConnect": {
      "start": 219,
      "end": 219.57469387755103,
      "loop": false
    },
    "s_fuelExplosion": {
      "start": 221,
      "end": 224.7616326530612,
      "loop": false
    },
    "s_fuelGround": {
      "start": 226,
      "end": 229.94448979591837,
      "loop": false
    },
    "s_gas1": {
      "start": 231,
      "end": 231.94040816326532,
      "loop": false
    },
    "s_gas2": {
      "start": 233,
      "end": 234.22775510204082,
      "loop": false
    },
    "s_gas3": {
      "start": 236,
      "end": 237.6457142857143,
      "loop": false
    },
    "s_gasLoop": {
      "start": 239,
      "end": 242.73551020408163,
      "loop": false
    },
    "s_gasStart": {
      "start": 244,
      "end": 244.9142857142857,
      "loop": false
    },
    "s_gateClose": {
      "start": 246,
      "end": 248.1942857142857,
      "loop": false
    },
    "s_gate": {
      "start": 250,
      "end": 253.29142857142858,
      "loop": false
    },
    "s_gateOpen": {
      "start": 255,
      "end": 257.5077551020408,
      "loop": false
    },
    "s_gateOut": {
      "start": 259,
      "end": 265.24326530612245,
      "loop": false
    },
    "s_generatorLoop": {
      "start": 267,
      "end": 270.9183673469388,
      "loop": false
    },
    "s_generatorStart": {
      "start": 272,
      "end": 274.4032653061224,
      "loop": false
    },
    "s_gravityEnd": {
      "start": 276,
      "end": 276.47020408163263,
      "loop": false
    },
    "s_gravityLoop": {
      "start": 278,
      "end": 279.43673469387755,
      "loop": false
    },
    "s_gravityStart": {
      "start": 281,
      "end": 281.6269387755102,
      "loop": false
    },
    "s_handStartFinal": {
      "start": 283,
      "end": 285.06367346938777,
      "loop": false
    },
    "s_handStart": {
      "start": 287,
      "end": 288.6457142857143,
      "loop": false
    },
    "s_harbourAmbient": {
      "start": 290,
      "end": 297.13142857142856,
      "loop": false
    },
    "s_hook": {
      "start": 299,
      "end": 299.6269387755102,
      "loop": false
    },
    "s_hoseSlide": {
      "start": 301,